-- MySQL dump 10.13  Distrib 8.0.36, for macos14 (x86_64)
--
-- Host: 127.0.0.1    Database: catalogo74779
-- ------------------------------------------------------
-- Server version	9.0.1

/*!40101 SET @OLD_CHARACTER_SET_CLIENT=@@CHARACTER_SET_CLIENT */;
/*!40101 SET @OLD_CHARACTER_SET_RESULTS=@@CHARACTER_SET_RESULTS */;
/*!40101 SET @OLD_COLLATION_CONNECTION=@@COLLATION_CONNECTION */;
/*!50503 SET NAMES utf8 */;
/*!40103 SET @OLD_TIME_ZONE=@@TIME_ZONE */;
/*!40103 SET TIME_ZONE='+00:00' */;
/*!40014 SET @OLD_UNIQUE_CHECKS=@@UNIQUE_CHECKS, UNIQUE_CHECKS=0 */;
/*!40014 SET @OLD_FOREIGN_KEY_CHECKS=@@FOREIGN_KEY_CHECKS, FOREIGN_KEY_CHECKS=0 */;
/*!40101 SET @OLD_SQL_MODE=@@SQL_MODE, SQL_MODE='NO_AUTO_VALUE_ON_ZERO' */;
/*!40111 SET @OLD_SQL_NOTES=@@SQL_NOTES, SQL_NOTES=0 */;

--
-- Table structure for table `categorias`
--

DROP TABLE IF EXISTS `categorias`;
/*!40101 SET @saved_cs_client     = @@character_set_client */;
/*!50503 SET character_set_client = utf8mb4 */;
CREATE TABLE `categorias` (
  `idCategoria` tinyint unsigned NOT NULL AUTO_INCREMENT,
  `catNombre` varchar(50) NOT NULL,
  PRIMARY KEY (`idCategoria`),
  UNIQUE KEY `catNombre` (`catNombre`)
) ENGINE=InnoDB AUTO_INCREMENT=7 DEFAULT CHARSET=utf8mb4 COLLATE=utf8mb4_0900_ai_ci;
/*!40101 SET character_set_client = @saved_cs_client */;

--
-- Dumping data for table `categorias`
--

LOCK TABLES `categorias` WRITE;
/*!40000 ALTER TABLE `categorias` DISABLE KEYS */;
INSERT INTO `categorias` VALUES (5,'Cámaras Mirrorless'),(6,'Iluminación inteligente'),(2,'Parlantes Bluetooth'),(3,'Robot de limpieza'),(1,'Smartphone'),(4,'Smat TV');
/*!40000 ALTER TABLE `categorias` ENABLE KEYS */;
UNLOCK TABLES;

--
-- Table structure for table `marcas`
--

DROP TABLE IF EXISTS `marcas`;
/*!40101 SET @saved_cs_client     = @@character_set_client */;
/*!50503 SET character_set_client = utf8mb4 */;
CREATE TABLE `marcas` (
  `idMarca` tinyint unsigned NOT NULL AUTO_INCREMENT,
  `mkNombre` varchar(50) NOT NULL,
  PRIMARY KEY (`idMarca`),
  UNIQUE KEY `mkNombre` (`mkNombre`)
) ENGINE=InnoDB AUTO_INCREMENT=15 DEFAULT CHARSET=utf8mb4 COLLATE=utf8mb4_0900_ai_ci;
/*!40101 SET character_set_client = @saved_cs_client */;

--
-- Dumping data for table `marcas`
--

LOCK TABLES `marcas` WRITE;
/*!40000 ALTER TABLE `marcas` DISABLE KEYS */;
INSERT INTO `marcas` VALUES (1,'Apple'),(10,'Blaupunkt'),(8,'Bose'),(14,'Candela'),(4,'iRobot'),(3,'Marshall'),(7,'Nikon'),(9,'OnePlus'),(2,'Oppo'),(6,'Samsung'),(12,'TwoPlus'),(5,'Xiaomi');
/*!40000 ALTER TABLE `marcas` ENABLE KEYS */;
UNLOCK TABLES;

--
-- Table structure for table `productos`
--

DROP TABLE IF EXISTS `productos`;
/*!40101 SET @saved_cs_client     = @@character_set_client */;
/*!50503 SET character_set_client = utf8mb4 */;
CREATE TABLE `productos` (
  `idProducto` smallint unsigned NOT NULL AUTO_INCREMENT,
  `prdNombre` varchar(50) NOT NULL,
  `precio` decimal(10,2) unsigned NOT NULL,
  `idMarca` tinyint unsigned NOT NULL,
  `idCategoria` tinyint unsigned NOT NULL,
  `prdDescripcion` varchar(1000) DEFAULT NULL,
  `prdImagen` varchar(50) NOT NULL,
  `prdActivo` tinyint(1) DEFAULT (1),
  PRIMARY KEY (`idProducto`),
  UNIQUE KEY `prdNombre` (`prdNombre`),
  KEY `idMarca` (`idMarca`),
  KEY `idCategoria` (`idCategoria`),
  CONSTRAINT `productos_ibfk_1` FOREIGN KEY (`idMarca`) REFERENCES `marcas` (`idMarca`),
  CONSTRAINT `productos_ibfk_2` FOREIGN KEY (`idCategoria`) REFERENCES `categorias` (`idCategoria`)
) ENGINE=InnoDB AUTO_INCREMENT=11 DEFAULT CHARSET=utf8mb4 COLLATE=utf8mb4_0900_ai_ci;
/*!40101 SET character_set_client = @saved_cs_client */;

--
-- Dumping data for table `productos`
--

LOCK TABLES `productos` WRITE;
/*!40000 ALTER TABLE `productos` DISABLE KEYS */;
INSERT INTO `productos` VALUES (1,'Oppo A78 Dual-SIM 128GB',200.00,2,1,'Smartphone Android con pantalla HD+ de 6.56 pulgadas. 8GB de RAM y 128GB de almacenamiento interno. Cámara trasera dual de 50MP. Cámara selfie es de 8MP. Batería de 5000 mAh con soporte para carga rápida de 33W.','Oppo-A78.png',1),(2,'iPhone 15 Pro',1000.00,1,1,'Apple iPhone 15 Pro con chasis fabricado en titanio y puerto USB-C. Pantalla OLED LTPO de 6.1 pulgadas y triple cámara posteriorde 48MP. Cámara frontal de 12MP con sensores para Face ID. Batería de carga rápida de 15W.','iPhone-15-pro.png',1),(3,'HomePod (2nd gen)',250.00,1,2,'El HomePod es un altavoz de alta fidelidad que combina sonido inmersivo, asistente personal y control de hogar inteligente. Conectividad Bluetooth y Wifi via Apple Music','homepod-2.png',1),(4,'Marshall Acton III',300.00,3,2,'El altavoz bluetooth Acton III Cuenta con Dynamic Loudness, que ajusta el equilibrio tonal del sonido para garantizar que su música suene brillante en todos los volúmenes. 30 Watts de potencia','marshall-acton-iii.png',1),(5,'Aspiradora Robot iRobot Roomba j7+',900.00,4,3,'Robot de limpieza Roomba J7+ con sistema de limpieza superior de tres fases y dos rodillos de silicona. Tecnología de trazado de mapas inteligente Imprint™ que aprende, crea mapas y se adapta a cada habitación.','roomba-j7.png',1),(6,'Xiaomi TV Q2',560.00,5,4,'Smart TV con panel QLED Quantum Dot Display de 55 pulgadas y resolución 4K UHD. Sonido Dolby VisionTM IQ y Dolby Atmos. Sistema operativo Google TV. 3 puertos HDMI 2.0, un puerto HDMI 2.1 eARC a 120 Hz, 2 USB 2.0, Wi-Fi 802.11, Bluetooth 5.0 y entrada de audio óptica','xiaomi-q2.jpg',1),(7,'Samsung TV Crystal UHD 2023',650.00,6,4,'Smart TV con panel LED de 65 pulgadas con resolución 4K, tasa de 50 Hz y retroiluminación LED. TizenOS integra altavoces de 20 W compatibles con Dolby Atmos. 3 puertos HDMI, 2 USB y salida óptica de audio, WiFi y Bluetooth.','samsung-crystal-65.png',1),(9,'lampara wifi candela x5',35.00,14,6,'Lampara wifi x watts ','1750520842.webp',1);
/*!40000 ALTER TABLE `productos` ENABLE KEYS */;
UNLOCK TABLES;

--
-- Table structure for table `roles`
--

DROP TABLE IF EXISTS `roles`;
/*!40101 SET @saved_cs_client     = @@character_set_client */;
/*!50503 SET character_set_client = utf8mb4 */;
CREATE TABLE `roles` (
  `idRol` tinyint unsigned NOT NULL AUTO_INCREMENT,
  `rol` varchar(50) NOT NULL,
  PRIMARY KEY (`idRol`),
  UNIQUE KEY `rol` (`rol`)
) ENGINE=InnoDB AUTO_INCREMENT=5 DEFAULT CHARSET=utf8mb4 COLLATE=utf8mb4_0900_ai_ci;
/*!40101 SET character_set_client = @saved_cs_client */;

--
-- Dumping data for table `roles`
--

LOCK TABLES `roles` WRITE;
/*!40000 ALTER TABLE `roles` DISABLE KEYS */;
INSERT INTO `roles` VALUES (1,'Administrador'),(4,'Invitado'),(2,'Supervisor'),(3,'Usuario');
/*!40000 ALTER TABLE `roles` ENABLE KEYS */;
UNLOCK TABLES;

--
-- Table structure for table `usuarios`
--

DROP TABLE IF EXISTS `usuarios`;
/*!40101 SET @saved_cs_client     = @@character_set_client */;
/*!50503 SET character_set_client = utf8mb4 */;
CREATE TABLE `usuarios` (
  `idUsuario` smallint unsigned NOT NULL AUTO_INCREMENT,
  `nombre` varchar(50) NOT NULL,
  `apellido` varchar(50) NOT NULL,
  `email` varchar(50) NOT NULL,
  `clave` varchar(76) NOT NULL,
  `idRol` tinyint unsigned NOT NULL DEFAULT (3),
  `activo` tinyint(1) NOT NULL DEFAULT (1),
  PRIMARY KEY (`idUsuario`),
  UNIQUE KEY `email` (`email`),
  KEY `idRol` (`idRol`),
  CONSTRAINT `usuarios_ibfk_1` FOREIGN KEY (`idRol`) REFERENCES `roles` (`idRol`)
) ENGINE=InnoDB AUTO_INCREMENT=6 DEFAULT CHARSET=utf8mb4 COLLATE=utf8mb4_0900_ai_ci;
/*!40101 SET character_set_client = @saved_cs_client */;

--
-- Dumping data for table `usuarios`
--

LOCK TABLES `usuarios` WRITE;
/*!40000 ALTER TABLE `usuarios` DISABLE KEYS */;
INSERT INTO `usuarios` VALUES (1,'marcos','pinardi','marcos@hell.com','$2y$12$7gxDDPf9rbb8dlXUy9txbOg7m1G4WLwpNAcJ8muAPQhUWsM3zhDoK',1,1),(2,'Cosme','Fulanito','cfulanito@mail.com','$2y$12$1ePtzahlL2SJxdvd4YPYPuz.Jvxz5WLnGoZsAsjKQpF.5WaKEanYe',3,1),(4,'Morty','Smith','morty@mail.com','$2y$12$7/dSCFvUpurIs3QGURDAUOkqhSUneHYUCB1mqfaj7ArGzPMkZzGqW',3,1),(5,'Summer','Smith','summer@mail.com','$2y$12$6thn1mVUPNkTOlzULvbNsucCjktqjhju/92oVXeARYM97waIJZ56e',3,0);
/*!40000 ALTER TABLE `usuarios` ENABLE KEYS */;
UNLOCK TABLES;
/*!40103 SET TIME_ZONE=@OLD_TIME_ZONE */;

/*!40101 SET SQL_MODE=@OLD_SQL_MODE */;
/*!40014 SET FOREIGN_KEY_CHECKS=@OLD_FOREIGN_KEY_CHECKS */;
/*!40014 SET UNIQUE_CHECKS=@OLD_UNIQUE_CHECKS */;
/*!40101 SET CHARACTER_SET_CLIENT=@OLD_CHARACTER_SET_CLIENT */;
/*!40101 SET CHARACTER_SET_RESULTS=@OLD_CHARACTER_SET_RESULTS */;
/*!40101 SET COLLATION_CONNECTION=@OLD_COLLATION_CONNECTION */;
/*!40111 SET SQL_NOTES=@OLD_SQL_NOTES */;

-- Dump completed on 2025-07-26 10:50:22
